sample	population	population_label
SRR20748484	11	Brazil-Paraguay-Uruguay Cluster
SRR20748309	6	Brazil Northeast-Central (Multi-state)
SRR20748298	4	Brazil Central-West A
SRR20748411	11	Brazil-Paraguay-Uruguay Cluster
SRR20748400	4	Brazil Central-West A
SRR20748389	4	Brazil Central-West A
SRR20748335	4	Brazil Central-West A
SRR20748482	4	Brazil Central-West A
SRR20748471	11	Brazil-Paraguay-Uruguay Cluster
SRR20748460	11	Brazil-Paraguay-Uruguay Cluster
SRR20748438	11	Brazil-Paraguay-Uruguay Cluster
SRR20748427	11	Brazil-Paraguay-Uruguay Cluster
SRR20748384	11	Brazil-Paraguay-Uruguay Cluster
SRR20748362	8	Brazil North-Northeast (Maranhão, Pará, Piauí)
SRR20748323	7	Brazil Northeast B
SRR20748318	6	Brazil Northeast-Central (Multi-state)
SRR20748317	11	Brazil-Paraguay-Uruguay Cluster
SRR20748316	3	Brazil Mixed Central-South (Multi-state)
SRR20748315	10	Brazil Mixed (Mato Grosso, Rio Grande do Norte, São Paulo)
SRR20748314	7	Brazil Northeast B
SRR20748313	10	Brazil Mixed (Mato Grosso, Rio Grande do Norte, São Paulo)
SRR20748308	8	Brazil North-Northeast (Maranhão, Pará, Piauí)
SRR20748307	6	Brazil Northeast-Central (Multi-state)
SRR20748306	6	Brazil Northeast-Central (Multi-state)
SRR20748305	10	Brazil Mixed (Mato Grosso, Rio Grande do Norte, São Paulo)
SRR20748303	10	Brazil Mixed (Mato Grosso, Rio Grande do Norte, São Paulo)
SRR20748302	10	Brazil Mixed (Mato Grosso, Rio Grande do Norte, São Paulo)
SRR20748300	11	Brazil-Paraguay-Uruguay Cluster
SRR20748296	10	Brazil Mixed (Mato Grosso, Rio Grande do Norte, São Paulo)
SRR20748295	10	Brazil Mixed (Mato Grosso, Rio Grande do Norte, São Paulo)
SRR20748294	10	Brazil Mixed (Mato Grosso, Rio Grande do Norte, São Paulo)
SRR20748293	10	Brazil Mixed (Mato Grosso, Rio Grande do Norte, São Paulo)
SRR20748416	10	Brazil Mixed (Mato Grosso, Rio Grande do Norte, São Paulo)
SRR20748415	10	Brazil Mixed (Mato Grosso, Rio Grande do Norte, São Paulo)
SRR20748414	10	Brazil Mixed (Mato Grosso, Rio Grande do Norte, São Paulo)
SRR20748413	10	Brazil Mixed (Mato Grosso, Rio Grande do Norte, São Paulo)
SRR20748410	10	Brazil Mixed (Mato Grosso, Rio Grande do Norte, São Paulo)
SRR20748408	10	Brazil Mixed (Mato Grosso, Rio Grande do Norte, São Paulo)
SRR20748407	10	Brazil Mixed (Mato Grosso, Rio Grande do Norte, São Paulo)
SRR20748406	9	Brazil South (Santa Catarina)
SRR20748403	10	Brazil Mixed (Mato Grosso, Rio Grande do Norte, São Paulo)
SRR20748402	3	Brazil Mixed Central-South (Multi-state)
SRR20748401	8	Brazil North-Northeast (Maranhão, Pará, Piauí)
SRR20748399	8	Brazil North-Northeast (Maranhão, Pará, Piauí)
SRR20748398	8	Brazil North-Northeast (Maranhão, Pará, Piauí)
SRR20748396	7	Brazil Northeast B
SRR20748395	8	Brazil North-Northeast (Maranhão, Pará, Piauí)
SRR20748392	11	Brazil-Paraguay-Uruguay Cluster
SRR20748391	9	Brazil South (Santa Catarina)
SRR20748390	9	Brazil South (Santa Catarina)
SRR20748388	9	Brazil South (Santa Catarina)
SRR20748387	9	Brazil South (Santa Catarina)
SRR20748386	9	Brazil South (Santa Catarina)
SRR20748352	9	Brazil South (Santa Catarina)
SRR20748351	9	Brazil South (Santa Catarina)
SRR20748350	9	Brazil South (Santa Catarina)
SRR20748349	3	Brazil Mixed Central-South (Multi-state)
SRR20748347	9	Brazil South (Santa Catarina)
SRR20748345	9	Brazil South (Santa Catarina)
SRR20748344	9	Brazil South (Santa Catarina)
SRR20748343	3	Brazil Mixed Central-South (Multi-state)
SRR20748342	9	Brazil South (Santa Catarina)
SRR20748341	9	Brazil South (Santa Catarina)
SRR20748340	9	Brazil South (Santa Catarina)
SRR20748339	11	Brazil-Paraguay-Uruguay Cluster
SRR20748459	3	Brazil Mixed Central-South (Multi-state)
SRR20748458	8	Brazil North-Northeast (Maranhão, Pará, Piauí)
SRR20748455	8	Brazil North-Northeast (Maranhão, Pará, Piauí)
SRR20748443	1	Brazil Southeast (Espírito Santo, Minas Gerais, Piauí)
SRR20748442	1	Brazil Southeast (Espírito Santo, Minas Gerais, Piauí)
SRR20748441	1	Brazil Southeast (Espírito Santo, Minas Gerais, Piauí)
SRR20748440	1	Brazil Southeast (Espírito Santo, Minas Gerais, Piauí)
SRR20748439	1	Brazil Southeast (Espírito Santo, Minas Gerais, Piauí)
SRR20748437	11	Brazil-Paraguay-Uruguay Cluster
SRR20748436	6	Brazil Northeast-Central (Multi-state)
SRR20748434	1	Brazil Southeast (Espírito Santo, Minas Gerais, Piauí)
SRR20748433	6	Brazil Northeast-Central (Multi-state)
SRR20748432	6	Brazil Northeast-Central (Multi-state)
SRR20748430	6	Brazil Northeast-Central (Multi-state)
SRR20748429	6	Brazil Northeast-Central (Multi-state)
SRR20748428	11	Brazil-Paraguay-Uruguay Cluster
SRR20748425	11	Brazil-Paraguay-Uruguay Cluster
SRR20748424	6	Brazil Northeast-Central (Multi-state)
SRR20748423	6	Brazil Northeast-Central (Multi-state)
SRR20748422	6	Brazil Northeast-Central (Multi-state)
SRR20748421	6	Brazil Northeast-Central (Multi-state)
SRR20748420	1	Brazil Southeast (Espírito Santo, Minas Gerais, Piauí)
SRR20748419	1	Brazil Southeast (Espírito Santo, Minas Gerais, Piauí)
SRR20748417	6	Brazil Northeast-Central (Multi-state)
SRR20748383	1	Brazil Southeast (Espírito Santo, Minas Gerais, Piauí)
SRR20748381	6	Brazil Northeast-Central (Multi-state)
SRR20748380	7	Brazil Northeast B
SRR20748379	8	Brazil North-Northeast (Maranhão, Pará, Piauí)
SRR20748374	6	Brazil Northeast-Central (Multi-state)
SRR20748372	1	Brazil Southeast (Espírito Santo, Minas Gerais, Piauí)
SRR20748371	1	Brazil Southeast (Espírito Santo, Minas Gerais, Piauí)
SRR20748370	11	Brazil-Paraguay-Uruguay Cluster
SRR20748369	1	Brazil Southeast (Espírito Santo, Minas Gerais, Piauí)
SRR20748364	6	Brazil Northeast-Central (Multi-state)
SRR20748363	1	Brazil Southeast (Espírito Santo, Minas Gerais, Piauí)
SRR20748361	6	Brazil Northeast-Central (Multi-state)
SRR20748358	1	Brazil Southeast (Espírito Santo, Minas Gerais, Piauí)
SRR20748357	11	Brazil-Paraguay-Uruguay Cluster
SRR20748354	1	Brazil Southeast (Espírito Santo, Minas Gerais, Piauí)
SRR20748322	1	Brazil Southeast (Espírito Santo, Minas Gerais, Piauí)
SRR20748321	1	Brazil Southeast (Espírito Santo, Minas Gerais, Piauí)
SRR20748310	11	Brazil-Paraguay-Uruguay Cluster
SRR20748450	11	Brazil-Paraguay-Uruguay Cluster
ERR205800	12	Brazil-Honduras Mixed (Rio de Janeiro + Honduras)
SRR7970013	8	Brazil North-Northeast (Maranhão, Pará, Piauí)
SRR7970015	8	Brazil North-Northeast (Maranhão, Pará, Piauí)
SRR7970016	8	Brazil North-Northeast (Maranhão, Pará, Piauí)
SRR7970020	6	Brazil Northeast-Central (Multi-state)
SRR7970024	1	Brazil Southeast (Espírito Santo, Minas Gerais, Piauí)
SRR7970026	1	Brazil Southeast (Espírito Santo, Minas Gerais, Piauí)
SRR7970027	6	Brazil Northeast-Central (Multi-state)
SRR7970028	7	Brazil Northeast B
SRR7970029	6	Brazil Northeast-Central (Multi-state)
SRR7970030	7	Brazil Northeast B
SRR7970031	8	Brazil North-Northeast (Maranhão, Pará, Piauí)
SRR7970034	8	Brazil North-Northeast (Maranhão, Pará, Piauí)
SRR10478767	2	Brazil Northeast A
SRR10478771	2	Brazil Northeast A
SRR10478772	2	Brazil Northeast A
SRR10478774	2	Brazil Northeast A
SRR10478777	2	Brazil Northeast A
SRR10478778	2	Brazil Northeast A
SRR10478781	2	Brazil Northeast A
SRR10478782	2	Brazil Northeast A
SRR10478783	2	Brazil Northeast A
SRR10478784	2	Brazil Northeast A
SRR10478786	2	Brazil Northeast A
SRR10478787	2	Brazil Northeast A
SRR10478789	2	Brazil Northeast A
SRR10478792	2	Brazil Northeast A
SRR10478793	2	Brazil Northeast A
SRR10478795	2	Brazil Northeast A
SRR10478796	2	Brazil Northeast A
SRR12506670	5	Brazil Central-West B
SRR12506671	11	Brazil-Paraguay-Uruguay Cluster
SRR12506673	11	Brazil-Paraguay-Uruguay Cluster
SRR12506678	5	Brazil Central-West B
SRR12506679	4	Brazil Central-West A
SRR12506681	4	Brazil Central-West A
SRR12506684	4	Brazil Central-West A
SRR12506685	4	Brazil Central-West A
SRR12506686	4	Brazil Central-West A
SRR12506688	4	Brazil Central-West A
SRR12506689	4	Brazil Central-West A
SRR12506692	5	Brazil Central-West B
SRR12506693	5	Brazil Central-West B
SRR12506694	11	Brazil-Paraguay-Uruguay Cluster
SRR12506695	5	Brazil Central-West B
SRR12506696	5	Brazil Central-West B
SRR12506697	3	Brazil Mixed Central-South (Multi-state)
SRR12506698	11	Brazil-Paraguay-Uruguay Cluster
SRR12506701	10	Brazil Mixed (Mato Grosso, Rio Grande do Norte, São Paulo)
SRR12506702	10	Brazil Mixed (Mato Grosso, Rio Grande do Norte, São Paulo)
SRR12506703	10	Brazil Mixed (Mato Grosso, Rio Grande do Norte, São Paulo)
SRR12506705	11	Brazil-Paraguay-Uruguay Cluster
SRR12506706	10	Brazil Mixed (Mato Grosso, Rio Grande do Norte, São Paulo)
SRR12506707	10	Brazil Mixed (Mato Grosso, Rio Grande do Norte, São Paulo)
SRR12506708	10	Brazil Mixed (Mato Grosso, Rio Grande do Norte, São Paulo)
SRR12506709	10	Brazil Mixed (Mato Grosso, Rio Grande do Norte, São Paulo)
SRR12506710	10	Brazil Mixed (Mato Grosso, Rio Grande do Norte, São Paulo)
SRR12506711	10	Brazil Mixed (Mato Grosso, Rio Grande do Norte, São Paulo)
SRR12506716	11	Brazil-Paraguay-Uruguay Cluster
SRR12506718	5	Brazil Central-West B
SRR12506719	5	Brazil Central-West B
SRR12506720	5	Brazil Central-West B
SRR12506721	5	Brazil Central-West B
SRR12506722	5	Brazil Central-West B
SRR12506723	5	Brazil Central-West B
SRR12506724	5	Brazil Central-West B
SRR12506726	5	Brazil Central-West B
SRR13744648	2	Brazil Northeast A
SRR13744626	2	Brazil Northeast A
SRR13744604	2	Brazil Northeast A
SRR13744593	2	Brazil Northeast A
SRR13744679	2	Brazil Northeast A
SRR13744678	2	Brazil Northeast A
SRR13744677	2	Brazil Northeast A
SRR13744676	2	Brazil Northeast A
SRR13744675	2	Brazil Northeast A
SRR13744674	2	Brazil Northeast A
SRR13744672	2	Brazil Northeast A
SRR13744671	2	Brazil Northeast A
SRR13744669	2	Brazil Northeast A
SRR13744668	2	Brazil Northeast A
SRR13744667	2	Brazil Northeast A
SRR13744666	2	Brazil Northeast A
SRR13744665	2	Brazil Northeast A
SRR13744662	2	Brazil Northeast A
SRR13744661	2	Brazil Northeast A
SRR13744660	2	Brazil Northeast A
SRR13744657	2	Brazil Northeast A
SRR13744656	2	Brazil Northeast A
SRR13744654	2	Brazil Northeast A
SRR13744653	2	Brazil Northeast A
SRR13744652	2	Brazil Northeast A
SRR13744650	2	Brazil Northeast A
SRR13744649	2	Brazil Northeast A
SRR13744647	2	Brazil Northeast A
SRR13744645	2	Brazil Northeast A
SRR13744682	7	Brazil Northeast B
SRR13744681	8	Brazil North-Northeast (Maranhão, Pará, Piauí)
SRR13744638	8	Brazil North-Northeast (Maranhão, Pará, Piauí)
SRR13744636	8	Brazil North-Northeast (Maranhão, Pará, Piauí)
SRR13744635	8	Brazil North-Northeast (Maranhão, Pará, Piauí)
SRR13744634	8	Brazil North-Northeast (Maranhão, Pará, Piauí)
SRR13744633	8	Brazil North-Northeast (Maranhão, Pará, Piauí)
SRR13744632	8	Brazil North-Northeast (Maranhão, Pará, Piauí)
SRR13744630	8	Brazil North-Northeast (Maranhão, Pará, Piauí)
SRR13744629	8	Brazil North-Northeast (Maranhão, Pará, Piauí)
SRR13744628	7	Brazil Northeast B
SRR13744625	7	Brazil Northeast B
SRR13744619	6	Brazil Northeast-Central (Multi-state)
SRR13744618	7	Brazil Northeast B
SRR13744617	8	Brazil North-Northeast (Maranhão, Pará, Piauí)
SRR13744612	8	Brazil North-Northeast (Maranhão, Pará, Piauí)
SRR13744610	8	Brazil North-Northeast (Maranhão, Pará, Piauí)
SRR13744608	8	Brazil North-Northeast (Maranhão, Pará, Piauí)
SRR13744607	8	Brazil North-Northeast (Maranhão, Pará, Piauí)
SRR13744605	8	Brazil North-Northeast (Maranhão, Pará, Piauí)
SRR13744603	6	Brazil Northeast-Central (Multi-state)
SRR13744599	8	Brazil North-Northeast (Maranhão, Pará, Piauí)
SRR13744597	8	Brazil North-Northeast (Maranhão, Pará, Piauí)
SRR13744596	8	Brazil North-Northeast (Maranhão, Pará, Piauí)
SRR13744594	3	Brazil Mixed Central-South (Multi-state)
SRR16972343	8	Brazil North-Northeast (Maranhão, Pará, Piauí)
SRR16972341	3	Brazil Mixed Central-South (Multi-state)
SRR16972339	8	Brazil North-Northeast (Maranhão, Pará, Piauí)
SRR16972338	8	Brazil North-Northeast (Maranhão, Pará, Piauí)
SRR16972311	3	Brazil Mixed Central-South (Multi-state)
SRR16972314	8	Brazil North-Northeast (Maranhão, Pará, Piauí)
SRR16972316	8	Brazil North-Northeast (Maranhão, Pará, Piauí)
SRR16972319	8	Brazil North-Northeast (Maranhão, Pará, Piauí)
SRR16972321	8	Brazil North-Northeast (Maranhão, Pará, Piauí)
SRR16972322	8	Brazil North-Northeast (Maranhão, Pará, Piauí)
SRR16972324	11	Brazil-Paraguay-Uruguay Cluster
ERR205763	12	Brazil-Honduras Mixed (Rio de Janeiro + Honduras)
ERR205788	12	Brazil-Honduras Mixed (Rio de Janeiro + Honduras)
SRR8608748	13	Central America (Honduras, Panama)
ERR205787	13	Central America (Honduras, Panama)
